<?xml version="1.0" encoding="UTF-8"?>
<project-private xmlns="http://www.netbeans.org/ns/project-private/1">
    <editor-bookmarks xmlns="http://www.netbeans.org/ns/editor-bookmarks/2" lastBookmarkId="0"/>
    <open-files xmlns="http://www.netbeans.org/ns/projectui-open-files/2">
        <group>
            <file>file:/C:/Users/Andrea/Desktop/Proyecto%20Doo/FinalProyect-master%20(3)/FinalProyect-master/AgendaOnline/web/LoginAlumno.jsp</file>
            <file>file:/C:/Users/Andrea/Desktop/Proyecto%20Doo/FinalProyect-master%20(3)/FinalProyect-master/AgendaOnline/web/LoginMaestro.jsp</file>
            <file>file:/C:/Users/Andrea/Desktop/Proyecto%20Doo/FinalProyect-master%20(3)/FinalProyect-master/AgendaOnline/web/style.css</file>
            <file>file:/C:/Users/Andrea/Desktop/Proyecto%20Doo/FinalProyect-master%20(3)/FinalProyect-master/AgendaOnline/web/Login.jsp</file>
            <file>file:/C:/Users/Andrea/Desktop/Proyecto%20Doo/FinalProyect-master%20(3)/FinalProyect-master/AgendaOnline/web/Bienvenido.jsp</file>
            <file>file:/C:/Users/Andrea/Desktop/Proyecto%20Doo/FinalProyect-master%20(3)/FinalProyect-master/AgendaOnline/web/Profile.jsp</file>
        </group>
    </open-files>
</project-private>
